#,Player,Pos,HT,WT,Age,Current Team,YOS,Pre-Draft Team,Draft Status,Nationality
5,Precious Achiuwa,SF,203.2,110.2,25,New York Knicks,4,Memphis,2020 Rnd 1 Pick 20,Nigeria
12,Steven Adams,C,210.8,120.2,31,Houston Rockets,11,Pittsburgh,2013 Rnd 1 Pick 12,New Zealand
13,Bam Adebayo,C,205.7,115.7,27,Miami Heat,7,Kentucky,2017 Rnd 1 Pick 14,United States
30,Ochai Agbaji,SF,195.6,97.5,24,Toronto Raptors,2,Kansas,2022 Rnd 1 Pick 14,United States
7,Santi Aldama,C,213.4,97.5,24,Memphis Grizzlies,3,Loyola (MD),2021 Rnd 1 Pick 30,Spain
23,Trey Alexander,SG,193.0,83.9,22,Denver Nuggets,0,Creighton,"2024 NBA Draft, Undrafted",United States
9,Nickeil Alexander-Walker,SG,195.6,93.0,26,Minnesota Timberwolves,5,Virginia Tech,2019 Rnd 1 Pick 17,Canada
8,Grayson Allen,SG,193.0,89.8,29,Phoenix Suns,6,Duke,2018 Rnd 1 Pick 21,United States
31,Jarrett Allen,C,205.7,110.2,26,Cleveland Cavaliers,7,Texas,2017 Rnd 1 Pick 22,United States
15,Jose Alvarado,G,182.9,81.2,26,New Orleans Pelicans,3,Georgia Tech,"2021 NBA Draft, Undrafted",United StatesPuerto Rico
20,Kyle Anderson,PF,205.7,104.3,31,Miami Heat,10,UCLA,2014 Rnd 1 Pick 30,United StatesChina
34,Giannis Antetokounmpo,F,210.8,110.2,30,Milwaukee Bucks,11,Filathlitikos Div II Greece (Greece),2013 Rnd 1 Pick 15,GreeceNigeria
50,Cole Anthony,PG,188.0,83.9,24,Orlando Magic,4,North Carolina,2020 Rnd 1 Pick 15,United States
8,OG Anunoby,SF,200.7,108.9,27,New York Knicks,7,Indiana,2017 Rnd 1 Pick 23,EnglandUnited States
8,Deni Avdija,SG,205.7,108.9,24,Portland Trail Blazers,4,Maccabi Tel Aviv U18 (Israel),2020 Rnd 1 Pick 9,Israel
2,Deandre Ayton,C,213.4,114.3,26,Portland Trail Blazers,6,Arizona,2018 Rnd 1 Pick 1,Bahamas
35,Marvin Bagley III,PF,208.3,106.6,25,Memphis Grizzlies,6,Duke,2018 Rnd 1 Pick 2,United States
1,LaMelo Ball,G,200.7,81.6,23,Charlotte Hornets,4,Illawarra (Australia),2020 Rnd 1 Pick 3,United States
2,Lonzo Ball,PG,198.1,86.2,27,Chicago Bulls,7,UCLA,2017 Rnd 1 Pick 2,United States
5,Paolo Banchero,C,208.3,113.4,22,Orlando Magic,2,Duke,2022 Rnd 1 Pick 1,United StatesItaly
22,Desmond Bane,SG,195.6,97.5,26,Memphis Grizzlies,4,TCU,2020 Rnd 1 Pick 30,United States
5,Dalano Banton,PG,203.2,92.1,25,Portland Trail Blazers,3,Nebraska,2021 Rnd 2 Pick 16,Canada
26,Dominick Barlow,F,203.2,97.5,22,Atlanta Hawks,2,Overtime Elite (Georgia),"2022 NBA Draft, Undrafted",United States
40,Harrison Barnes,SF,203.2,102.1,32,San Antonio Spurs,12,North Carolina,2012 Rnd 1 Pick 7,United States
4,Scottie Barnes,SF,200.7,107.5,23,Toronto Raptors,3,Florida State,2021 Rnd 1 Pick 4,United States
9,R.J. Barrett,SG,198.1,97.1,24,Toronto Raptors,5,Duke,2019 Rnd 1 Pick 3,Canada
28,Charles Bassey,PF,208.3,104.3,24,San Antonio Spurs,3,Western Kentucky,2021 Rnd 2 Pick 23,NigeriaUnited States
21,Emoni Bates,SF,203.2,77.1,21,Cleveland Cavaliers,1,Eastern Michigan,2023 Rnd 2 Pick 19,United States
77,Jamison Battle,SF,200.7,99.8,23,Toronto Raptors,0,Ohio State,"2024 NBA Draft, Undrafted",United States
33,Nicolas Batum,F,203.2,104.3,36,Los Angeles Clippers,16,Le Mans Sarthe Basket (France),2008 Rnd 1 Pick 25,France
7,Damion Baugh,SG,193.0,88.0,24,Charlotte Hornets,0,TCU,"2023 NBA Draft, Undrafted",United States
3,Bradley Beal,SG,193.0,93.9,31,Phoenix Suns,12,Florida,2012 Rnd 1 Pick 3,United States
5,Malik Beasley,SG,193.0,84.8,28,Detroit Pistons,8,Florida State,2016 Rnd 1 Pick 19,United States
0,MarJon Beauchamp,SG,200.7,90.3,24,Los Angeles Clippers,2,NBA G League Ignite,2022 Rnd 1 Pick 24,United States
4,Reece Beekman,PG,190.5,86.2,23,Brooklyn Nets,0,Virginia,"2024 NBA Draft, Undrafted",United States
14,Saddiq Bey,F,200.7,97.5,25,Washington Wizards,4,Villanova,2020 Rnd 1 Pick 19,United States
35,Goga Bitadze,C,208.3,113.4,25,Orlando Magic,5,KK Mega Bemax (Serbia),2019 Rnd 1 Pick 18,Georgia
18,Bismack Biyombo,PF,203.2,115.7,32,San Antonio Spurs,13,Baloncesto Fuenlabrada (Spain),2011 Rnd 1 Pick 7,Democratic Republic of the Congo
0,Anthony Black,G,200.7,90.7,21,Orlando Magic,1,Arkansas,2023 Rnd 1 Pick 6,United States
10,Bogdan Bogdanovic,SG,195.6,102.1,32,Los Angeles Clippers,7,KK Partizan (Serbia),2014 Rnd 1 Pick 27,Serbia
11,Bol Bol,C,221.0,99.8,25,Phoenix Suns,5,Oregon,2019 Rnd 2 Pick 14,United States
30,Adem Bona,C,208.3,106.6,21,Philadelphia Sixers,0,UCLA,2024 Rnd 2 Pick 11,NigeriaTurkey
1,Devin Booker,SG,198.1,93.4,28,Phoenix Suns,9,Kentucky,2015 Rnd 1 Pick 13,United States
11,"B.J. Boston, Jr.",SG,198.1,85.3,23,New Orleans Pelicans,3,Kentucky,2021 Rnd 2 Pick 21,United States
25,Chris Boucher,PF,205.7,90.7,32,Toronto Raptors,7,Oregon,"2017 NBA Draft, Undrafted",Saint LuciaCanada
22,Malaki Branham,GF,193.0,81.6,21,San Antonio Spurs,2,Ohio State,2022 Rnd 1 Pick 20,United States
0,Christian Braun,SF,198.1,99.8,23,Denver Nuggets,2,Kansas,2022 Rnd 1 Pick 21,United States
15,Jalen Bridges,F,203.2,102.1,24,Phoenix Suns,0,Baylor,"2024 NBA Draft, Undrafted",United States
25,Mikal Bridges,SG,198.1,94.8,28,New York Knicks,6,Villanova,2018 Rnd 1 Pick 10,United States
0,Miles Bridges,SF,200.7,102.1,26,Charlotte Hornets,5,Michigan State,2018 Rnd 1 Pick 12,United States
15,Malcolm Brogdon,SG,193.0,103.9,32,Washington Wizards,8,Virginia,2016 Rnd 2 Pick 6,United States
9,Dillon Brooks,F,198.1,102.1,29,Houston Rockets,7,Oregon,2017 Rnd 2 Pick 15,Canada
0,"Keion Brooks, Jr.",SF,200.7,95.3,24,New Orleans Pelicans,0,Washington,"2024 NBA Draft, Undrafted",United States
7,Jaylen Brown,SF,198.1,101.2,28,Boston Celtics,8,California,2016 Rnd 1 Pick 3,United States
00,"Bruce Brown, Jr.",SG,193.0,91.6,28,New Orleans Pelicans,6,Miami (FL),2018 Rnd 2 Pick 12,United States
21,Kobe Brown,GF,200.7,113.4,25,Los Angeles Clippers,1,Missouri,2023 Rnd 1 Pick 30,United States
9,Moses Brown,C,218.4,117.0,25,Dallas Mavericks,5,UCLA,"2019 NBA Draft, Undrafted",United States
11,Jalen Brunson,PG,188.0,86.2,28,New York Knicks,6,Villanova,2018 Rnd 2 Pick 3,United States
3,Thomas Bryant,C,208.3,112.5,27,Indiana Pacers,7,Indiana,2017 Rnd 2 Pick 12,United States
4,Kobe Bufkin,G,193.0,88.5,21,Atlanta Hawks,1,Michigan,2023 Rnd 1 Pick 15,United States
18,Alec Burks,SG,195.6,97.1,33,Miami Heat,13,Colorado,2011 Rnd 1 Pick 12,United States
10,Jimmy Butler III,GF,200.7,104.3,35,Golden State Warriors,13,Marquette,2011 Rnd 1 Pick 30,United States
12,Jared Butler,PG,190.5,87.5,24,Philadelphia Sixers,3,Baylor,2021 Rnd 2 Pick 10,United States
14,Matas Buzelis,F,208.3,94.8,20,Chicago Bulls,0,NBA G League Ignite,2024 Rnd 1 Pick 11,United StatesLithuania
8,Jamal Cain,F,198.1,86.6,25,New Orleans Pelicans,2,Oakland,"2022 NBA Draft, Undrafted",United States
3,Kentavious Caldwell-Pope,SG,195.6,92.5,32,Orlando Magic,11,Georgia,2013 Rnd 1 Pick 8,United States
33,Toumani Camara,SF,200.7,103.9,24,Portland Trail Blazers,1,Dayton,2023 Rnd 2 Pick 22,Belgium
31,Vlatko Cancar,SF,203.2,107.0,27,Denver Nuggets,5,KK Mega Bemax (Serbia),2017 Rnd 2 Pick 19,Slovenia
15,Clint Capela,PF,208.3,116.1,30,Atlanta Hawks,10,Chalon-Sur-Saone (France),2014 Rnd 1 Pick 25,Switzerland
15,Branden Carlson,PF,213.4,99.8,25,Oklahoma City Thunder,0,Utah,"2024 NBA Draft, Undrafted",United States
8,Bub Carrington,G,193.0,86.2,19,Washington Wizards,0,Pittsburgh,2024 Rnd 1 Pick 14,United States
22,Devin Carter,G,188.0,88.5,22,Sacramento Kings,0,Providence,2024 Rnd 1 Pick 13,United States
5,Jevon Carter,PG,185.4,90.7,29,Chicago Bulls,6,West Virginia,2018 Rnd 2 Pick 2,United States
34,"Wendell Carter, Jr.",PF,208.3,122.5,25,Orlando Magic,6,Duke,2018 Rnd 1 Pick 7,United States
9,Alex Caruso,G,195.6,84.4,30,Oklahoma City Thunder,7,Texas A&M,"2016 NBA Draft, Undrafted",United States
5,Stephon Castle,G,198.1,97.5,20,San Antonio Spurs,0,UConn,2024 Rnd 1 Pick 4,United States
30,Julian Champagnie,F,200.7,98.4,23,San Antonio Spurs,2,St. John's,"2022 NBA Draft, Undrafted",United States
9,Justin Champagnie,F,198.1,93.4,23,Washington Wizards,3,Pittsburgh,"2021 NBA Draft, Undrafted",United States
22,Ulrich Chomche,PF,210.8,106.6,20,Toronto Raptors,0,NBA Academy Africa (Senegal),2024 Rnd 2 Pick 27,Cameroon
12,Cameron Christie,SG,198.1,86.2,19,Los Angeles Clippers,0,Minnesota,2024 Rnd 2 Pick 16,United States
00,Max Christie,F,195.6,86.2,22,Dallas Mavericks,2,Michigan State,2022 Rnd 2 Pick 5,United States
8,Josh Christopher,G,193.0,97.5,23,Miami Heat,3,Arizona State,2021 Rnd 1 Pick 24,United States
91,Sidy Cissoko,GF,198.1,90.7,20,Portland Trail Blazers,1,NBA G League Ignite,2023 Rnd 2 Pick 14,France
22,Jaylen Clark,G,193.0,93.0,23,Minnesota Timberwolves,1,UCLA,2023 Rnd 2 Pick 23,United States
15,Brandon Clarke,PF,203.2,97.5,28,Memphis Grizzlies,5,Gonzaga,2019 Rnd 1 Pick 21,Canada
00,Jordan Clarkson,G,190.5,88.0,32,Utah Jazz,10,Missouri,2014 Rnd 2 Pick 16,United StatesPhilippines
33,Nicolas Claxton,C,210.8,97.5,25,Brooklyn Nets,5,Georgia,2019 Rnd 2 Pick 1,United StatesU.S. Virgin Islands
23,Donovan Clingan,C,218.4,127.0,20,Portland Trail Blazers,0,UConn,2024 Rnd 1 Pick 7,United States
21,Noah Clowney,F,205.7,95.3,20,Brooklyn Nets,1,Alabama,2023 Rnd 1 Pick 21,United States
7,Amir Coffey,SF,200.7,95.3,27,Los Angeles Clippers,5,Minnesota,"2019 NBA Draft, Undrafted",United States
13,Isaiah Collier,G,190.5,95.3,20,Utah Jazz,0,USC,2024 Rnd 1 Pick 29,United States
20,John Collins,PF,205.7,102.5,27,Utah Jazz,7,Wake Forest,2017 Rnd 1 Pick 19,United States
99,Yuri Collins,G,182.9,86.2,23,Golden State Warriors,0,Saint Louis,"2023 NBA Draft, Undrafted",United States
12,Zach Collins,C,210.8,113.4,27,Chicago Bulls,7,Gonzaga,2017 Rnd 1 Pick 10,United States
10,Mike Conley,PG,182.9,79.4,37,Minnesota Timberwolves,17,Ohio State,2007 Rnd 1 Pick 4,United States
24,Pat Connaughton,SF,195.6,94.8,32,Milwaukee Bucks,9,Notre Dame,2015 Rnd 2 Pick 11,United States
0,Bilal Coulibaly,GF,203.2,88.5,20,Washington Wizards,1,Boulogne-Levallois (France),2023 Rnd 1 Pick 7,France
14,Ricky Council IV,G,198.1,93.9,23,Philadelphia Sixers,1,Arkansas,"2023 NBA Draft, Undrafted",United States
12,Torrey Craig,GF,195.6,100.2,34,Boston Celtics,7,USC Upstate,"2014 NBA Draft, Undrafted",United States
24,Isaiah Crawford,GF,198.1,99.8,23,Sacramento Kings,0,Louisiana Tech,"2024 NBA Draft, Undrafted",United States
99,Jae Crowder,SF,198.1,106.6,34,Sacramento Kings,12,Marquette,2012 Rnd 2 Pick 4,United States
2,Cade Cunningham,SF,198.1,99.8,23,Detroit Pistons,3,Oklahoma State,2021 Rnd 1 Pick 1,United States
30,Seth Curry,G,185.4,83.9,34,Charlotte Hornets,11,Duke,"2013 NBA Draft, Undrafted",United States
30,Stephen Curry,G,188.0,83.9,36,Golden State Warriors,15,Davidson,2009 Rnd 1 Pick 7,United States
23,Tristan Da Silva,F,203.2,98.4,23,Orlando Magic,0,Colorado,2024 Rnd 1 Pick 18,GermanyBrazil
4,Pacome Dadiet,SF,203.2,95.3,19,New York Knicks,0,Ratiopharm Ulm (Germany),2024 Rnd 1 Pick 25,France
5,Dyson Daniels,GF,200.7,90.3,21,Atlanta Hawks,2,NBA G League Ignite,2022 Rnd 1 Pick 8,Australia
3,N'Faly Dante,PF,210.8,104.3,23,Houston Rockets,0,Oregon,"2024 NBA Draft, Undrafted",Mali
3,Anthony Davis,PF,208.3,114.8,31,Dallas Mavericks,12,Kentucky,2012 Rnd 1 Pick 1,United States
20,J.D. Davison,F,185.4,88.5,22,Boston Celtics,2,Alabama,2022 Rnd 2 Pick 23,United States
10,DeMar DeRozan,GF,198.1,99.8,35,Sacramento Kings,15,USC,2009 Rnd 1 Pick 9,United States
10,RayJ Dennis,PG,188.0,81.6,23,Indiana Pacers,0,Baylor,"2024 NBA Draft, Undrafted",United States
0,Donte DiVincenzo,SG,193.0,92.1,28,Minnesota Timberwolves,6,Villanova,2018 Rnd 1 Pick 17,United States
14,Moussa Diabate,PF,205.7,95.3,23,Charlotte Hornets,2,Michigan,2022 Rnd 2 Pick 13,France
1,Gradey Dick,GF,198.1,90.7,21,Toronto Raptors,1,Kansas,2023 Rnd 1 Pick 13,United States
13,Ousmane Dieng,SG,205.7,83.9,21,Oklahoma City Thunder,2,New Zealand (New Zealand),2022 Rnd 1 Pick 11,France
4,Rob Dillingham,G,190.5,79.4,20,Minnesota Timberwolves,0,Kentucky,2024 Rnd 1 Pick 8,United States
26,Spencer Dinwiddie,PG,195.6,97.5,31,Dallas Mavericks,10,Colorado,2014 Rnd 2 Pick 8,United States
77,Luka Doncic,SF,198.1,104.3,25,Los Angeles Lakers,6,Real Madrid (Spain),2018 Rnd 1 Pick 3,Slovenia
5,Luguentz Dort,PG,193.0,99.8,25,Oklahoma City Thunder,5,Arizona State,"2019 NBA Draft, Undrafted",Canada
11,Ayo Dosunmu,PG,195.6,90.7,25,Chicago Bulls,3,Illinois,2021 Rnd 2 Pick 8,United States
11,Jeff Dowtin,PG,190.5,80.3,27,Philadelphia Sixers,3,Rhode Island,"2020 NBA Draft, Undrafted",United States
1,Andre Drummond,C,210.8,126.6,31,Philadelphia Sixers,12,UConn,2012 Rnd 1 Pick 9,United States
88,Alex Ducas,G,200.7,99.8,24,Oklahoma City Thunder,0,Saint Mary's,"2024 NBA Draft, Undrafted",Australia
7,David Duke,SG,193.0,92.5,25,San Antonio Spurs,3,Providence,"2021 NBA Draft, Undrafted",United States
8,Kris Dunn,SG,190.5,93.0,30,Los Angeles Clippers,8,Providence,2016 Rnd 1 Pick 5,United States
0,Ryan Dunn,G,203.2,98.0,22,Phoenix Suns,0,Virginia,2024 Rnd 1 Pick 28,United States
35,Kevin Durant,SF,210.8,108.9,36,Phoenix Suns,17,Texas,2007 Rnd 1 Pick 2,United States
0,Jalen Duren,PF,208.3,113.4,21,Detroit Pistons,2,Memphis,2022 Rnd 1 Pick 13,United States
17,Tari Eason,F,203.2,97.5,23,Houston Rockets,2,LSU,2022 Rnd 1 Pick 17,United States
14,Zach Edey,C,223.5,138.3,22,Memphis Grizzlies,0,Purdue,2024 Rnd 1 Pick 9,Canada
5,Anthony Edwards,SF,193.0,102.1,23,Minnesota Timberwolves,4,Georgia,2020 Rnd 1 Pick 1,United States
14,Jesse Edwards,C,213.4,107.0,25,Minnesota Timberwolves,0,West Virginia,"2024 NBA Draft, Undrafted",Netherlands
19,Justin Edwards,SF,200.7,92.1,21,Philadelphia Sixers,0,Kentucky,"2024 NBA Draft, Undrafted",United States
20,Kessler Edwards,SG,200.7,92.1,24,Dallas Mavericks,3,Pepperdine,2021 Rnd 2 Pick 14,United States
23,Keon Ellis,F,193.0,79.4,25,Sacramento Kings,2,Alabama,"2022 NBA Draft, Undrafted",United States
21,Joel Embiid,C,213.4,127.0,30,Philadelphia Sixers,10,Kansas,2014 Rnd 1 Pick 3,CameroonUnited States
15,Drew Eubanks,C,208.3,111.1,28,Los Angeles Clippers,6,Oregon State,"2018 NBA Draft, Undrafted",United States
12,Tosan Evbuomwan,SF,200.7,98.4,24,Brooklyn Nets,1,Princeton,"2023 NBA Draft, Undrafted",England
0,Dante Exum,PG,195.6,97.1,29,Dallas Mavericks,8,Australian Institute of Sport (Australian Capital Territory),2014 Rnd 1 Pick 5,Australia
22,Kyle Filipowski,C,210.8,113.4,21,Utah Jazz,0,Duke,2024 Rnd 2 Pick 2,United States
17,Dorian Finney-Smith,SF,200.7,99.8,31,Los Angeles Lakers,8,Florida,"2016 NBA Draft, Undrafted",United States
14,Adam Flagler,G,190.5,81.6,25,Oklahoma City Thunder,1,Baylor,"2023 NBA Draft, Undrafted",United States
9,Trentyn Flowers,F,205.7,83.9,20,Los Angeles Clippers,0,Adelaide (Australia),"2024 NBA Draft, Undrafted",United States
19,Simone Fontecchio,SF,200.7,94.8,29,Detroit Pistons,2,AX Armani Exchange Milan (Italy),"2017 NBA Draft, Undrafted",Italy
4,De'Aaron Fox,PG,190.5,83.9,27,San Antonio Spurs,7,Kentucky,2017 Rnd 1 Pick 5,United States
8,Enrique Freeman,F,200.7,99.8,24,Indiana Pacers,0,Akron,2024 Rnd 2 Pick 20,United States
20,Markelle Fultz,PG,193.0,94.8,26,Sacramento Kings,7,Washington,2017 Rnd 1 Pick 1,United States
12,Johnny Furphy,F,205.7,90.7,20,Indiana Pacers,0,Kansas,2024 Rnd 2 Pick 5,Australia
21,Daniel Gafford,C,208.3,120.2,26,Dallas Mavericks,5,Arkansas,2019 Rnd 2 Pick 8,United States
10,Darius Garland,G,185.4,87.1,25,Cleveland Cavaliers,5,Vanderbilt,2019 Rnd 1 Pick 5,United States
55,Luka Garza,C,208.3,110.2,26,Minnesota Timberwolves,3,Iowa,2021 Rnd 2 Pick 22,United StatesBosnia and Herzegovina
3,Keyonte George,G,193.0,83.9,21,Utah Jazz,1,Baylor,2023 Rnd 1 Pick 16,United States
18,Kyshawn George,F,203.2,90.7,21,Washington Wizards,0,Miami (FL),2024 Rnd 1 Pick 24,Switzerland
8,Paul George,GF,203.2,99.8,34,Philadelphia Sixers,14,Fresno State,2010 Rnd 1 Pick 10,United States
67,Taj Gibson,F,205.7,105.2,39,Charlotte Hornets,15,USC,2009 Rnd 1 Pick 26,United States
3,Josh Giddey,G,203.2,98.0,22,Chicago Bulls,3,Adelaide (Australia),2021 Rnd 1 Pick 6,Australia
2,Shai Gilgeous-Alexander,PG,198.1,88.5,26,Oklahoma City Thunder,6,Kentucky,2018 Rnd 1 Pick 11,Canada
16,Anthony Gill,PF,203.2,104.3,32,Washington Wizards,4,Virginia,"2016 NBA Draft, Undrafted",United States
12,Collin Gillespie,PG,185.4,88.5,26,Phoenix Suns,2,Villanova,"2022 NBA Draft, Undrafted",United States
27,Rudy Gobert,C,215.9,117.0,32,Minnesota Timberwolves,11,Cholet Basket (France),2013 Rnd 1 Pick 27,France
30,Jordan Goodwin,SG,195.6,99.8,26,Los Angeles Lakers,3,Saint Louis,"2021 NBA Draft, Undrafted",United States
32,Aaron Gordon,F,203.2,106.6,29,Denver Nuggets,10,Arizona,2014 Rnd 1 Pick 4,United States
23,Eric Gordon,G,190.5,97.5,36,Philadelphia Sixers,16,Indiana,2008 Rnd 1 Pick 7,United StatesBahamas
9,Jerami Grant,F,200.7,95.3,30,Portland Trail Blazers,10,Syracuse,2014 Rnd 2 Pick 9,United States
20,A.J. Green,PG,193.0,86.2,25,Milwaukee Bucks,2,Northern Iowa,"2022 NBA Draft, Undrafted",United States
23,Draymond Green,F,198.1,104.3,34,Golden State Warriors,12,Michigan State,2012 Rnd 2 Pick 5,United States
4,Jalen Green,SG,193.0,84.4,23,Houston Rockets,3,NBA G League Ignite,2021 Rnd 1 Pick 2,United States
32,Jeff Green,F,203.2,106.6,38,Houston Rockets,16,Georgetown,2007 Rnd 1 Pick 5,United States
10,Josh Green,SG,195.6,90.7,24,Charlotte Hornets,4,Arizona,2020 Rnd 1 Pick 18,United StatesAustralia
25,Quentin Grimes,SG,193.0,95.3,24,Philadelphia Sixers,3,Houston,2021 Rnd 1 Pick 25,United States
18,Mouhamed Gueye,F,208.3,95.3,22,Atlanta Hawks,1,Washington State,2023 Rnd 2 Pick 9,Senegal
28,Rui Hachimura,F,203.2,104.3,27,Los Angeles Lakers,5,Gonzaga,2019 Rnd 1 Pick 9,Japan
0,Tyrese Haliburton,PG,195.6,83.9,24,Indiana Pacers,4,Iowa State,2020 Rnd 1 Pick 12,United States
13,P.J. Hall,PF,208.3,111.1,23,Denver Nuggets,0,Clemson,"2024 NBA Draft, Undrafted",United States
8,Tim Hardaway Jr.,SG,195.6,93.0,32,Detroit Pistons,11,Michigan,2013 Rnd 1 Pick 24,United States
1,James Harden,SG,195.6,99.8,35,Los Angeles Clippers,15,Arizona State,2009 Rnd 1 Pick 3,United States
1,Jaden Hardy,SG,190.5,89.8,22,Dallas Mavericks,2,NBA G League Ignite,2022 Rnd 2 Pick 7,United States
16,E.J. Harkless,PG,190.5,88.5,25,Utah Jazz,0,UNLV,"2023 NBA Draft, Undrafted",United States
13,Ron Harper,G,193.0,105.7,24,Detroit Pistons,2,Rutgers,"2022 NBA Draft, Undrafted",United States
14,Gary Harris,SG,193.0,95.3,30,Orlando Magic,10,Michigan State,2014 Rnd 1 Pick 19,United States
12,Tobias Harris,F,203.2,102.5,32,Detroit Pistons,13,Tennessee,2011 Rnd 1 Pick 19,United States
3,Josh Hart,SG,193.0,97.5,29,New York Knicks,7,Villanova,2017 Rnd 1 Pick 30,United States
55,Isaiah Hartenstein,PF,213.4,113.4,26,Oklahoma City Thunder,6,Zalgiris (Lithuania),2017 Rnd 2 Pick 13,United StatesGermany
30,Sam Hauser,SF,200.7,98.4,27,Boston Celtics,3,Virginia,"2021 NBA Draft, Undrafted",United States
24,Jordan Hawkins,G,195.6,86.2,22,New Orleans Pelicans,1,UConn,2023 Rnd 1 Pick 14,United States
11,Jaxson Hayes,PF,213.4,99.8,24,Los Angeles Lakers,5,Texas,2019 Rnd 1 Pick 8,United States
4,Killian Hayes,G,195.6,88.5,23,Brooklyn Nets,4,Ratiopharm Ulm (Germany),2020 Rnd 1 Pick 7,FranceUnited States
00,Scoot Henderson,G,190.5,93.4,21,Portland Trail Blazers,1,NBA G League Ignite,2023 Rnd 1 Pick 3,United States
0,Taylor Hendricks,F,205.7,97.5,21,Utah Jazz,1,UCF,2023 Rnd 1 Pick 9,United States
14,Tyler Herro,SG,195.6,88.5,25,Miami Heat,5,Kentucky,2019 Rnd 1 Pick 13,United States
7,Buddy Hield,G,193.0,99.8,32,Golden State Warriors,8,Oklahoma,2016 Rnd 1 Pick 6,Bahamas
24,Haywood Highsmith,F,195.6,99.8,28,Miami Heat,4,Wheeling Jesuit,"2018 NBA Draft, Undrafted",United States
0,Aaron Holiday,PG,182.9,83.9,28,Houston Rockets,6,UCLA,2018 Rnd 1 Pick 23,United States
4,Jrue Holiday,G,193.0,93.0,34,Boston Celtics,15,UCLA,2009 Rnd 1 Pick 17,United States
00,Ron Holland,F,203.2,93.4,19,Detroit Pistons,0,NBA G League Ignite,2024 Rnd 1 Pick 5,United States
14,DaRon Holmes II,PF,208.3,102.1,22,Denver Nuggets,0,Dayton,2024 Rnd 1 Pick 22,United States
22,Richaun Holmes,F,205.7,106.6,31,Washington Wizards,9,Bowling Green,2015 Rnd 2 Pick 7,United States
7,Chet Holmgren,C,215.9,94.3,22,Oklahoma City Thunder,2,Gonzaga,2022 Rnd 1 Pick 2,United States
42,Al Horford,FC,205.7,108.9,38,Boston Celtics,17,Florida,2007 Rnd 1 Pick 3,Dominican RepublicUnited States
22,Talen Horton-Tucker,SF,193.0,106.1,24,Chicago Bulls,5,Iowa State,2019 Rnd 2 Pick 16,United States
2,Caleb Houstan,SF,203.2,93.0,22,Orlando Magic,2,Michigan,2022 Rnd 2 Pick 2,Canada
13,Jett Howard,GF,198.1,97.5,21,Orlando Magic,1,Michigan,2023 Rnd 1 Pick 11,United States
13,Kevin Huerter,SF,200.7,89.8,26,Chicago Bulls,6,Maryland,2018 Rnd 1 Pick 19,United States
30,James Huff,C,215.9,108.9,27,Memphis Grizzlies,3,Virginia,"2021 NBA Draft, Undrafted",United States
55,Ariel Hukporti,C,210.8,111.6,22,New York Knicks,0,MHP Riesen (Germany),2024 Rnd 2 Pick 28,GermanyTogo
12,De'Andre Hunter,PF,203.2,100.2,27,Cleveland Cavaliers,5,Virginia,2019 Rnd 1 Pick 4,United States
4,Oso Ighodaro,F,213.4,106.6,22,Phoenix Suns,0,Marquette,2024 Rnd 2 Pick 10,United States
7,Joe Ingles,F,203.2,99.8,37,Minnesota Timberwolves,10,Melbourne South (Australia),"2009 NBA Draft, Undrafted",Australia
3,Brandon Ingram,SF,203.2,86.2,27,Toronto Raptors,8,Duke,2016 Rnd 1 Pick 2,United States
55,Harrison Ingram,F,195.6,104.3,22,San Antonio Spurs,0,North Carolina,2024 Rnd 2 Pick 18,United States
11,Kyrie Irving,G,188.0,88.5,32,Dallas Mavericks,13,Duke,2011 Rnd 1 Pick 1,United StatesAustralia
1,Jonathan Isaac,SF,208.3,104.3,27,Orlando Magic,7,Florida State,2017 Rnd 1 Pick 6,United States
23,Jaden Ivey,G,193.0,88.5,23,Detroit Pistons,2,Purdue,2022 Rnd 1 Pick 5,United States
45,G.G. Jackson,PF,205.7,95.3,20,Memphis Grizzlies,1,South Carolina,2023 Rnd 2 Pick 15,United States
22,Isaiah Jackson,PF,205.7,93.0,23,Indiana Pacers,3,Kentucky,2021 Rnd 1 Pick 22,United States
44,"Andre Jackson, Jr.",G,198.1,94.8,23,Milwaukee Bucks,1,UConn,2023 Rnd 2 Pick 6,United States
13,"Jaren Jackson, Jr.",PF,208.3,109.8,25,Memphis Grizzlies,6,Michigan State,2018 Rnd 1 Pick 4,United States
29,Quenton Jackson,GF,195.6,78.5,26,Indiana Pacers,2,Texas A&M,"2022 NBA Draft, Undrafted",United States
32,Trayce Jackson-Davis,F,205.7,111.1,24,Golden State Warriors,1,Indiana,2023 Rnd 2 Pick 27,United States
9,Bronny James,G,190.5,95.3,20,Los Angeles Lakers,0,USC,2024 Rnd 2 Pick 25,United States
23,LeBron James,F,205.7,113.4,40,Los Angeles Lakers,21,St. Vincent St. Mary High School (Ohio),2003 Rnd 1 Pick 1,United States
11,"Jaime Jaquez, Jr.",GF,198.1,102.1,24,Miami Heat,1,UCLA,2023 Rnd 1 Pick 18,United StatesMexico
3,DaQuan Jeffries,SF,195.6,100.7,27,Charlotte Hornets,5,Tulsa,"2019 NBA Draft, Undrafted",United States
55,Trey Jemison,PF,208.3,117.9,25,Los Angeles Lakers,1,UAB,"2023 NBA Draft, Undrafted",United States
24,Daniss Jenkins,G,190.5,74.8,23,Detroit Pistons,0,St. John's,"2024 NBA Draft, Undrafted",United States
2,Ty Jerome,PG,195.6,88.5,27,Cleveland Cavaliers,5,Virginia,2019 Rnd 1 Pick 24,United States
11,Isaiah Joe,SG,190.5,74.8,25,Oklahoma City Thunder,4,Arkansas,2020 Rnd 2 Pick 19,United States
5,A.J. Johnson,G,195.6,72.6,20,Washington Wizards,0,Illawarra (Australia),2024 Rnd 1 Pick 23,United States
2,Cameron Johnson,G,203.2,95.3,28,Brooklyn Nets,5,North Carolina,2019 Rnd 1 Pick 11,United States
1,Jalen Johnson,PF,203.2,99.3,23,Atlanta Hawks,3,Duke,2021 Rnd 1 Pick 20,United States
16,James Johnson,F,200.7,108.9,38,Indiana Pacers,15,Wake Forest,2009 Rnd 1 Pick 16,United States
0,Keldon Johnson,SF,195.6,99.8,25,San Antonio Spurs,5,Kentucky,2019 Rnd 1 Pick 29,United States
45,Keon Johnson,PG,195.6,83.9,22,Brooklyn Nets,3,Tennessee,2021 Rnd 1 Pick 21,United States
16,Keshad Johnson,SF,200.7,102.1,23,Miami Heat,0,Arizona,"2024 NBA Draft, Undrafted",United States
15,Nikola Jokic,C,210.8,128.8,30,Denver Nuggets,9,KK Mega Bemax (Serbia),2014 Rnd 2 Pick 11,Serbia
1,Colby Jones,GF,198.1,93.9,22,Washington Wizards,1,Xavier,2023 Rnd 2 Pick 4,United States
55,Derrick Jones,SF,198.1,95.3,28,Los Angeles Clippers,8,UNLV,"2016 NBA Draft, Undrafted",United States
3,Dillon Jones,PG,195.6,106.6,23,Oklahoma City Thunder,0,Weber State,2024 Rnd 1 Pick 26,United States
2,Herb Jones,SF,200.7,93.4,26,New Orleans Pelicans,3,Alabama,2021 Rnd 2 Pick 5,United States
3,Isaac Jones,C,205.7,111.1,24,Sacramento Kings,0,Washington State,"2024 NBA Draft, Undrafted",United States
23,Kai Jones,PF,210.8,100.2,24,Los Angeles Clippers,3,Texas,2021 Rnd 1 Pick 19,Bahamas
8,Mason Jones,G,193.0,90.7,26,Sacramento Kings,3,Arkansas,"2020 NBA Draft, Undrafted",United States
21,Spencer Jones,SF,200.7,102.1,24,Denver Nuggets,0,Stanford,"2024 NBA Draft, Undrafted",United States
30,Tre Jones,PG,185.4,83.9,25,Chicago Bulls,4,Duke,2020 Rnd 2 Pick 11,United States
21,Tyus Jones,PG,185.4,88.9,28,Phoenix Suns,9,Duke,2015 Rnd 1 Pick 24,United States
6,DeAndre Jordan,C,210.8,120.2,36,Denver Nuggets,16,Texas A&M,2008 Rnd 2 Pick 5,United States
10,Cory Joseph,PG,188.0,90.7,33,Orlando Magic,13,Texas,2011 Rnd 1 Pick 29,Canada
5,Nikola Jovic,F,208.3,93.0,21,Miami Heat,2,KK Mega Bemax (Serbia),2022 Rnd 1 Pick 27,Serbia
33,Johnny Juzang,SG,195.6,102.5,23,Utah Jazz,2,UCLA,"2022 NBA Draft, Undrafted",United States
17,Yuki Kawamura,G,172.7,72.1,23,Memphis Grizzlies,0,,"2023 NBA Draft, Undrafted",Japan
50,Kylor Kelley,C,213.4,104.3,27,Dallas Mavericks,0,Oregon State,"2020 NBA Draft, Undrafted",United States
10,Luke Kennard,SG,195.6,93.4,28,Memphis Grizzlies,7,Duke,2017 Rnd 1 Pick 12,United States
24,Walker Kessler,C,213.4,111.1,23,Utah Jazz,2,Auburn,2022 Rnd 1 Pick 22,United States
24,Corey Kispert,SF,198.1,101.6,25,Washington Wizards,3,Gonzaga,2021 Rnd 1 Pick 15,United States
14,Maxi Kleber,PF,208.3,108.9,33,Los Angeles Lakers,7,s.Oliver Baskets (Germany),"2014 NBA Draft, Undrafted",Germany
34,Bobi Klintman,F,205.7,102.1,21,Detroit Pistons,0,Cairns (Australia),2024 Rnd 2 Pick 7,Sweden
4,Dalton Knecht,F,198.1,97.5,23,Los Angeles Lakers,0,Tennessee,2024 Rnd 1 Pick 17,United States
31,Kevin Knox II,SF,203.2,97.5,25,Golden State Warriors,6,Kentucky,2018 Rnd 1 Pick 9,United States
13,Tyler Kolek,G,190.5,88.5,23,New York Knicks,0,Marquette,2024 Rnd 2 Pick 4,United States
10,Christian Koloko,C,213.4,99.8,24,Los Angeles Lakers,2,Arizona,2022 Rnd 2 Pick 3,Cameroon
46,John Konchar,G,195.6,95.3,28,Memphis Grizzlies,5,Fort Wayne,"2019 NBA Draft, Undrafted",United States
40,Luke Kornet,F,215.9,113.4,29,Boston Celtics,7,Vanderbilt,"2017 NBA Draft, Undrafted",United States
27,Vit Krejci,PG,203.2,88.5,24,Atlanta Hawks,3,Zaragoza U18 (Spain),2020 Rnd 2 Pick 7,Czech Republic
00,Jonathan Kuminga,F,200.7,102.1,22,Golden State Warriors,3,NBA G League Ignite,2021 Rnd 1 Pick 7,Democratic Republic of the Congo
18,Kyle Kuzma,F,205.7,100.2,29,Milwaukee Bucks,7,Utah,2017 Rnd 1 Pick 27,United States
33,Jake LaRavia,F,200.7,106.6,23,Sacramento Kings,2,Wake Forest,2022 Rnd 1 Pick 19,United States
8,Zach LaVine,SG,195.6,90.7,29,Sacramento Kings,10,UCLA,2014 Rnd 1 Pick 13,United States
2,Jock Landale,C,210.8,115.7,29,Houston Rockets,3,Saint Mary's,"2018 NBA Draft, Undrafted",Australia
9,Pelle Larsson,SG,195.6,97.5,23,Miami Heat,0,Arizona,2024 Rnd 2 Pick 14,Sweden
0,A.J. Lawson,F,198.1,81.2,24,Toronto Raptors,2,South Carolina,"2021 NBA Draft, Undrafted",Canada
3,Caris LeVert,G,198.1,93.0,30,Atlanta Hawks,8,Michigan,2016 Rnd 1 Pick 20,United States
10,Damion Lee,G,198.1,95.3,32,Phoenix Suns,7,Louisville,"2016 NBA Draft, Undrafted",United States
27,Alex Len,C,213.4,113.4,31,Los Angeles Lakers,11,Maryland,2013 Rnd 1 Pick 5,Ukraine
2,Kawhi Leonard,F,200.7,102.1,33,Los Angeles Clippers,13,San Diego State,2011 Rnd 1 Pick 15,United States
27,Maxwell Lewis,SF,200.7,97.5,22,Brooklyn Nets,1,Pepperdine,2023 Rnd 2 Pick 10,United States
32,E.J. Liddell,PF,198.1,108.9,24,Chicago Bulls,2,Ohio State,2022 Rnd 2 Pick 11,United States
0,Damian Lillard,G,188.0,88.5,34,Milwaukee Bucks,12,Weber State,2012 Rnd 1 Pick 6,United States
2,Dereck Lively II,C,215.9,104.3,21,Dallas Mavericks,1,Duke,2023 Rnd 1 Pick 12,United States
7,Chris Livingston,F,198.1,99.8,21,Milwaukee Bucks,1,Kentucky,2023 Rnd 2 Pick 28,United States
5,Kevon Looney,PF,205.7,100.7,29,Golden State Warriors,9,UCLA,2015 Rnd 1 Pick 30,United States
11,Brook Lopez,C,215.9,127.9,36,Milwaukee Bucks,16,Stanford,2008 Rnd 1 Pick 10,United States
42,Kevin Love,FC,203.2,113.9,36,Miami Heat,16,UCLA,2008 Rnd 1 Pick 5,United States
7,Kyle Lowry,PG,182.9,88.9,38,Philadelphia Sixers,18,Villanova,2006 Rnd 1 Pick 24,United States
41,Trey Lyles,SF,205.7,106.1,29,Sacramento Kings,9,Kentucky,2015 Rnd 1 Pick 12,CanadaUnited States
54,Sandro Mamukelashvili,F,205.7,108.9,25,San Antonio Spurs,3,Seton Hall,2021 Rnd 2 Pick 24,Georgia
14,Terance Mann,SG,195.6,97.5,28,Atlanta Hawks,5,Florida State,2019 Rnd 2 Pick 18,United States
23,Tre Mann,PG,190.5,80.7,24,Charlotte Hornets,3,Florida,2021 Rnd 1 Pick 18,United States
23,Lauri Markkanen,SF,213.4,108.9,27,Utah Jazz,7,Arizona,2017 Rnd 1 Pick 7,Finland
13,Naji Marshall,SF,198.1,99.8,27,Dallas Mavericks,4,Xavier,"2020 NBA Draft, Undrafted",United States
16,Caleb Martin,F,195.6,93.0,29,Dallas Mavericks,5,Nevada,"2019 NBA Draft, Undrafted",United States
17,Cody Martin,F,198.1,93.0,29,Phoenix Suns,5,Nevada,2019 Rnd 2 Pick 6,United States
4,Jaylen Martin,F,198.1,98.0,22,Washington Wizards,1,Overtime Elite (Georgia),"2023 NBA Draft, Undrafted",United States
99,K.J. Martin,F,198.1,97.5,24,Utah Jazz,4,IMG Academy (Florida),2020 Rnd 2 Pick 22,United States
13,Tyrese Martin,GF,198.1,97.5,25,Brooklyn Nets,1,UConn,2022 Rnd 2 Pick 21,United States
24,Garrison Mathews,SG,198.1,97.5,28,Atlanta Hawks,5,Lipscomb,"2019 NBA Draft, Undrafted",United States
00,Bennedict Mathurin,GF,195.6,95.3,22,Indiana Pacers,2,Arizona,2022 Rnd 1 Pick 6,CanadaHaiti
17,Karlo Matkovic,PF,208.3,104.8,23,New Orleans Pelicans,0,KK Mega Bemax (Serbia),2022 Rnd 2 Pick 22,Bosnia and HerzegovinaCroatia
0,Tyrese Maxey,PG,188.0,90.7,24,Philadelphia Sixers,4,Kentucky,2020 Rnd 1 Pick 21,United States
2,Miles McBride,G,185.4,88.5,24,New York Knicks,3,West Virginia,2021 Rnd 2 Pick 6,United States
20,Jared McCain,G,190.5,88.5,21,Philadelphia Sixers,0,Duke,2024 Rnd 1 Pick 16,United States
8,Mac McClung,PG,188.0,83.9,26,Orlando Magic,2,Texas Tech,"2021 NBA Draft, Undrafted",United States
3,C.J. McCollum,G,190.5,86.2,33,New Orleans Pelicans,11,Lehigh,2013 Rnd 1 Pick 10,United States
9,T.J. McConnell,G,185.4,86.2,32,Indiana Pacers,9,Arizona,"2015 NBA Draft, Undrafted",United States
9,"Kevin McCullar, Jr.",PG,198.1,95.3,24,New York Knicks,0,Kansas,2024 Rnd 2 Pick 26,United States
3,Jaden McDaniels,F,205.7,83.9,24,Minnesota Timberwolves,4,Washington,2020 Rnd 1 Pick 28,United States
7,Doug McDermott,F,198.1,102.1,33,Sacramento Kings,10,Creighton,2014 Rnd 1 Pick 11,United States
11,Bryce McGowens,GF,198.1,86.2,22,Portland Trail Blazers,2,Nebraska,2022 Rnd 2 Pick 10,United States
11,Jordan McLaughlin,G,182.9,83.9,28,San Antonio Spurs,5,USC,"2018 NBA Draft, Undrafted",United States
58,Jack McVeigh,F,203.2,97.5,29,Houston Rockets,0,Adelaide (Australia),"2019 NBA Draft, Undrafted",Australia
8,De'Anthony Melton,SG,190.5,90.7,26,Brooklyn Nets,6,USC,2018 Rnd 2 Pick 16,United States
5,Sam Merrill,G,193.0,93.0,28,Cleveland Cavaliers,4,Utah State,2020 Rnd 2 Pick 30,United States
18,Vasilije Micic,PG,190.5,85.3,31,Phoenix Suns,1,KK Mega Bemax (Serbia),2014 Rnd 2 Pick 22,Serbia
32,Khris Middleton,SF,200.7,100.7,33,Washington Wizards,12,Texas A&M,2012 Rnd 2 Pick 9,United States
24,Brandon Miller,F,200.7,90.7,22,Charlotte Hornets,1,Alabama,2023 Rnd 1 Pick 2,United States
20,Emanuel Miller,SF,200.7,97.5,24,Chicago Bulls,0,TCU,"2024 NBA Draft, Undrafted",Canada
11,Jordan Miller,G,195.6,88.0,25,Los Angeles Clippers,1,Miami (FL),2023 Rnd 2 Pick 18,United States
33,Leonard Miller,F,208.3,99.8,21,Minnesota Timberwolves,1,NBA G League Ignite,2023 Rnd 2 Pick 3,Canada
88,Patty Mills,G,188.0,81.6,36,Los Angeles Clippers,15,Saint Mary's,2009 Rnd 2 Pick 25,Australia
20,Shake Milton,SG,195.6,93.0,28,Los Angeles Lakers,6,Southern Methodist,2018 Rnd 2 Pick 24,United States
10,Justin Minaya,F,195.6,93.0,25,Portland Trail Blazers,2,Providence,"2022 NBA Draft, Undrafted",United StatesDominican Republic
27,Riley Minix,SF,200.7,104.3,24,San Antonio Spurs,0,Morehead State,"2024 NBA Draft, Undrafted",United States
8,Josh Minott,F,203.2,93.0,22,Minnesota Timberwolves,2,Memphis,2022 Rnd 2 Pick 15,United States
21,Yves Missi,C,210.8,106.6,20,New Orleans Pelicans,0,Baylor,2024 Rnd 1 Pick 21,Cameroon
25,Ajay Mitchell,PG,195.6,86.2,22,Oklahoma City Thunder,0,UC Santa Barbara,2024 Rnd 2 Pick 8,Belgium
45,Davion Mitchell,PG,182.9,91.6,26,Miami Heat,3,Baylor,2021 Rnd 1 Pick 9,United States
45,Donovan Mitchell,SG,190.5,97.5,28,Cleveland Cavaliers,7,Louisville,2017 Rnd 1 Pick 13,United States
4,Evan Mobley,PF,210.8,97.5,23,Cleveland Cavaliers,3,USC,2021 Rnd 1 Pick 3,United States
2,Jonathan Mogbo,F,205.7,102.1,23,Toronto Raptors,0,San Francisco,2024 Rnd 2 Pick 1,United States
0,Malik Monk,SG,190.5,90.7,27,Sacramento Kings,7,Kentucky,2017 Rnd 1 Pick 11,United States
4,Moses Moody,SG,195.6,95.7,22,Golden State Warriors,3,Arkansas,2021 Rnd 1 Pick 14,United States
9,"Wendell Moore, Jr.",SF,195.6,97.5,23,Charlotte Hornets,2,Duke,2022 Rnd 1 Pick 26,United States
12,Ja Morant,G,188.0,78.9,25,Memphis Grizzlies,5,Murray State,2019 Rnd 1 Pick 2,United States
88,Markieff Morris,PF,205.7,111.1,35,Los Angeles Lakers,13,Kansas,2011 Rnd 1 Pick 13,United States
23,Monte Morris,G,188.0,83.0,29,Phoenix Suns,7,Iowa State,2017 Rnd 2 Pick 21,United StatesNigeria
25,Trey Murphy III,G,203.2,93.4,24,New Orleans Pelicans,3,Virginia,2021 Rnd 1 Pick 17,United States
5,Dejounte Murray,SG,193.0,81.6,28,New Orleans Pelicans,8,Washington,2016 Rnd 1 Pick 29,United States
27,Jamal Murray,SG,193.0,97.5,27,Denver Nuggets,8,Kentucky,2016 Rnd 1 Pick 7,Canada
13,Keegan Murray,F,203.2,102.1,24,Sacramento Kings,2,Iowa,2022 Rnd 1 Pick 4,United States
24,Kris Murray,F,203.2,98.0,24,Portland Trail Blazers,1,Iowa,2023 Rnd 1 Pick 23,United States
19,Svi Mykhailiuk,SF,200.7,93.0,27,Utah Jazz,6,Kansas,2018 Rnd 2 Pick 17,Ukraine
22,"Larry Nance, Jr.",SF,203.2,111.1,32,Atlanta Hawks,9,Wyoming,2015 Rnd 1 Pick 27,United States
2,Andrew Nembhard,PG,193.0,86.6,25,Indiana Pacers,2,Gonzaga,2022 Rnd 2 Pick 1,Canada
23,Aaron Nesmith,F,198.1,97.5,25,Indiana Pacers,4,Vanderbilt,2020 Rnd 1 Pick 14,United States
13,Tristen Newton,SG,195.6,86.2,24,Minnesota Timberwolves,0,UConn,2024 Rnd 2 Pick 19,United States
20,Georges Niang,F,200.7,104.3,31,Atlanta Hawks,8,Iowa State,2016 Rnd 2 Pick 20,United States
22,Zeke Nnaji,PF,205.7,108.9,24,Denver Nuggets,4,Arizona,2020 Rnd 1 Pick 22,United States
11,Jusuf Nurkic,FC,213.4,131.5,30,Charlotte Hornets,10,Cedevita (Croatia),2014 Rnd 1 Pick 16,Bosnia and Herzegovina
00,Royce O'Neale,SF,198.1,102.5,31,Phoenix Suns,7,Baylor,"2015 NBA Draft, Undrafted",United States
12,Josh Okogie,SG,193.0,96.6,26,Charlotte Hornets,6,Georgia Tech,2018 Rnd 1 Pick 20,NigeriaUnited States
17,Onyeka Okongwu,PF,208.3,108.9,24,Atlanta Hawks,4,USC,2020 Rnd 1 Pick 6,United States
35,Isaac Okoro,SG,195.6,102.1,24,Cleveland Cavaliers,4,Auburn,2020 Rnd 1 Pick 5,United States
13,Kelly Olynyk,C,210.8,108.9,33,New Orleans Pelicans,11,Gonzaga,2013 Rnd 1 Pick 13,Canada
9,"Kelly Oubre, Jr.",SF,203.2,92.1,29,Philadelphia Sixers,9,Kansas,2015 Rnd 1 Pick 15,United States
3,Chris Paul,PG,182.9,79.4,39,San Antonio Spurs,19,Wake Forest,2005 Rnd 1 Pick 4,United States
1,Cameron Payne,G,190.5,83.0,30,New York Knicks,9,Murray State,2015 Rnd 1 Pick 14,United States
0,Gary Payton II,G,188.0,88.5,32,Golden State Warriors,8,Oregon State,"2016 NBA Draft, Undrafted",United States
5,Elfrid Payton,G,190.5,88.5,30,Charlotte Hornets,8,Louisiana,2014 Rnd 1 Pick 10,United States
13,Drew Peterson,F,205.7,93.0,25,Boston Celtics,1,USC,"2023 NBA Draft, Undrafted",United States
15,Julian Phillips,F,203.2,89.8,21,Chicago Bulls,1,Tennessee,2023 Rnd 2 Pick 5,United States
24,Jalen Pickett,F,188.0,91.6,25,Denver Nuggets,1,Penn State,2023 Rnd 2 Pick 2,United States
1,"Scotty Pippen, Jr.",G,185.4,77.1,24,Memphis Grizzlies,2,Vanderbilt,"2022 NBA Draft, Undrafted",United States
29,Daeqwon Plowden,GF,198.1,98.0,26,Atlanta Hawks,0,Bowling Green,"2022 NBA Draft, Undrafted",United States
22,Mason Plumlee,PF,208.3,115.2,34,Phoenix Suns,11,Duke,2013 Rnd 1 Pick 22,United States
2,Brandin Podziemski,G,193.0,93.0,21,Golden State Warriors,1,Santa Clara,2023 Rnd 1 Pick 19,United States
19,Jakob Poeltl,C,213.4,117.9,29,Toronto Raptors,8,Utah,2016 Rnd 1 Pick 9,Austria
13,Jordan Poole,SG,193.0,88.0,25,Washington Wizards,5,Michigan,2019 Rnd 1 Pick 28,United States
9,"Craig Porter, Jr.",G,185.4,81.6,24,Cleveland Cavaliers,1,Wichita State,"2023 NBA Draft, Undrafted",United States
3,"Kevin Porter, Jr.",SF,193.0,92.1,24,Milwaukee Bucks,4,USC,2019 Rnd 1 Pick 30,United States
1,"Michael Porter, Jr.",PF,208.3,98.9,26,Denver Nuggets,6,Missouri,2018 Rnd 1 Pick 14,United States
9,Bobby Portis,PF,208.3,113.4,30,Milwaukee Bucks,9,Arkansas,2015 Rnd 1 Pick 22,United States
8,Kristaps Porzingis,FC,218.4,108.9,29,Boston Celtics,9,Real Betis Baloncesto (Spain),2015 Rnd 1 Pick 4,Latvia
21,Quinten Post,C,213.4,108.0,24,Golden State Warriors,0,Boston College,2024 Rnd 2 Pick 22,Netherlands
25,Micah Potter,C,205.7,112.5,26,Utah Jazz,3,Wisconsin,"2021 NBA Draft, Undrafted",United States
7,Dwight Powell,PF,208.3,108.9,33,Dallas Mavericks,10,Stanford,2014 Rnd 2 Pick 15,Canada
24,Norman Powell,SG,193.0,97.5,31,Los Angeles Clippers,9,UCLA,2015 Rnd 2 Pick 16,United States
12,Taurean Prince,F,198.1,98.9,30,Milwaukee Bucks,8,Baylor,2016 Rnd 1 Pick 12,United States
11,Payton Pritchard,PG,185.4,88.5,27,Boston Celtics,4,Oregon,2020 Rnd 1 Pick 26,United States
8,Olivier-Maxence Prosper,F,200.7,104.3,22,Dallas Mavericks,1,Marquette,2023 Rnd 1 Pick 24,Canada
2,Zyon Pullin,PG,193.0,93.4,23,Memphis Grizzlies,0,Florida,"2024 NBA Draft, Undrafted",United States
12,Trevelin Queen,G,195.6,86.2,27,Orlando Magic,3,New Mexico State,"2020 NBA Draft, Undrafted",United States
88,Neemias Queta,C,213.4,112.5,25,Boston Celtics,3,Utah State,2021 Rnd 2 Pick 9,Portugal
5,Immanuel Quickley,PG,188.0,86.2,25,Toronto Raptors,4,Kentucky,2020 Rnd 1 Pick 25,United States
30,Julius Randle,PF,205.7,113.4,30,Minnesota Timberwolves,10,Kentucky,2014 Rnd 1 Pick 7,United States
26,Duop Reath,C,205.7,111.1,28,Portland Trail Blazers,1,LSU,"2018 NBA Draft, Undrafted",Australia
15,Austin Reaves,PG,195.6,89.4,26,Los Angeles Lakers,3,Oklahoma,"2021 NBA Draft, Undrafted",United States
5,Cam Reddish,G,200.7,98.4,25,Los Angeles Lakers,5,Duke,2019 Rnd 1 Pick 10,United States
7,"Paul Reed, Jr.",F,205.7,95.3,25,Detroit Pistons,4,DePaul,2020 Rnd 2 Pick 28,United States
12,Antonio Reeves,GF,195.6,93.0,24,New Orleans Pelicans,0,Kentucky,2024 Rnd 2 Pick 17,United States
11,Naz Reid,C,205.7,119.7,25,Minnesota Timberwolves,5,LSU,"2019 NBA Draft, Undrafted",United States
8,Jared Rhoden,SG,195.6,95.3,25,Toronto Raptors,2,Seton Hall,"2022 NBA Draft, Undrafted",United States
2,Nick Richards,C,213.4,111.1,27,Phoenix Suns,4,Kentucky,2020 Rnd 2 Pick 12,Jamaica
10,Zaccharie Risacher,F,203.2,90.7,19,Atlanta Hawks,0,JL Bourg-en-Bresse (France),2024 Rnd 1 Pick 1,SpainFrance
15,Liam Robbins,C,213.4,113.4,25,Milwaukee Bucks,0,Vanderbilt,"2023 NBA Draft, Undrafted",United States
55,Duncan Robinson,F,200.7,97.5,30,Miami Heat,6,Michigan,"2018 NBA Draft, Undrafted",United States
23,Mitchell Robinson,C,213.4,108.9,26,New York Knicks,6,,2018 Rnd 2 Pick 6,United States
21,Orlando Robinson,PF,208.3,106.6,24,Toronto Raptors,2,Fresno State,"2022 NBA Draft, Undrafted",United States
50,Jeremiah Robinson-Earl,PF,203.2,108.9,24,New Orleans Pelicans,3,Villanova,2021 Rnd 2 Pick 2,United States
45,David Roddy,F,193.0,115.7,23,Philadelphia Sixers,2,Colorado State,2022 Rnd 1 Pick 23,United States
13,Ryan Rollins,G,190.5,81.6,22,Milwaukee Bucks,2,Toledo,2022 Rnd 2 Pick 14,United States
44,Jackson Rowe,F,200.7,95.3,28,Golden State Warriors,0,Cal State Fullerton,"2020 NBA Draft, Undrafted",Canada
2,Terry Rozier,G,185.4,86.2,30,Miami Heat,9,Louisville,2015 Rnd 1 Pick 16,United States
21,Rayan Rupert,G,198.1,88.5,20,Portland Trail Blazers,1,New Zealand (New Zealand),2023 Rnd 2 Pick 13,France
1,D'Angelo Russell,SG,190.5,87.5,28,Brooklyn Nets,9,Ohio State,2015 Rnd 1 Pick 2,United States
37,Matt Ryan,SF,198.1,97.5,27,New York Knicks,3,Chattanooga,"2020 NBA Draft, Undrafted",United States
11,Domantas Sabonis,PF,208.3,108.9,28,Sacramento Kings,8,Gonzaga,2016 Rnd 1 Pick 11,United StatesLithuania
31,Tidjane Salaun,F,203.2,93.9,19,Charlotte Hornets,0,Cholet Basket (France),2024 Rnd 1 Pick 6,France
15,Gui Santos,GF,198.1,83.9,22,Golden State Warriors,1,Minas (Brazil),2022 Rnd 2 Pick 25,BrazilPortugal
9,Dario Saric,SF,208.3,102.1,30,Denver Nuggets,8,KK Cibona (Croatia),2014 Rnd 1 Pick 12,Croatia
20,Alex Sarr,FC,213.4,93.0,19,Washington Wizards,0,Perth (Australia),2024 Rnd 1 Pick 2,France
25,Marcus Sasser,G,188.0,88.5,24,Detroit Pistons,1,Houston,2023 Rnd 1 Pick 25,United States
55,Baylor Scheierman,PG,198.1,93.0,24,Boston Celtics,0,Creighton,2024 Rnd 1 Pick 30,United States
17,Dennis Schroder,PG,185.4,79.4,31,Detroit Pistons,11,Basketball Lowen Braunschweig (Germany),2013 Rnd 1 Pick 17,Germany
28,Alperen Sengun,C,210.8,110.2,22,Houston Rockets,3,Besiktas Icrypex (Turkey),2021 Rnd 1 Pick 16,Turkey
28,Brice Sensabaugh,F,195.6,106.6,21,Utah Jazz,1,Ohio State,2023 Rnd 1 Pick 28,United States
2,Collin Sexton,PG,190.5,86.2,26,Utah Jazz,6,Alabama,2018 Rnd 1 Pick 8,United States
44,Landry Shamet,PG,193.0,86.2,27,New York Knicks,6,Wichita State,2018 Rnd 1 Pick 26,United States
00,"Terrence Shannon, Jr.",F,198.1,97.5,24,Minnesota Timberwolves,0,Illinois,2024 Rnd 1 Pick 27,United States
20,Day'Ron Sharpe,PF,205.7,120.2,23,Brooklyn Nets,3,North Carolina,2021 Rnd 1 Pick 29,United States
17,Shaedon Sharpe,F,195.6,94.3,21,Portland Trail Blazers,2,Kentucky,2022 Rnd 1 Pick 7,Canada
23,Jamal Shead,G,185.4,90.7,22,Toronto Raptors,0,Houston,2024 Rnd 2 Pick 15,United States
26,Ben Sheppard,G,198.1,86.2,23,Indiana Pacers,1,Belmont,2023 Rnd 1 Pick 26,United States
15,Reed Sheppard,G,188.0,83.9,20,Houston Rockets,0,Kentucky,2024 Rnd 1 Pick 3,United States
43,Pascal Siakam,F,203.2,111.1,30,Indiana Pacers,8,New Mexico State,2016 Rnd 1 Pick 27,Cameroon
25,Ben Simmons,PF,208.3,108.9,28,Los Angeles Clippers,8,LSU,2016 Rnd 1 Pick 1,Australia
1,Anfernee Simons,SG,190.5,90.7,25,Portland Trail Blazers,6,IMG Academy (Florida),2018 Rnd 1 Pick 24,United States
25,K.J. Simpson,G,182.9,85.7,23,Charlotte Hornets,0,Colorado,2024 Rnd 2 Pick 12,United States
00,Jericho Sims,C,208.3,113.4,26,Milwaukee Bucks,3,Texas,2021 Rnd 2 Pick 28,United States
36,Marcus Smart,PG,190.5,99.8,30,Washington Wizards,10,Oklahoma State,2014 Rnd 1 Pick 6,United States
12,Dru Smith,SG,188.0,92.1,27,Miami Heat,2,Missouri,"2021 NBA Draft, Undrafted",United States
7,Jalen Smith,C,205.7,97.5,24,Chicago Bulls,4,Maryland,2020 Rnd 1 Pick 10,United States
10,"Jabari Smith, Jr.",F,208.3,99.8,21,Houston Rockets,2,Auburn,2022 Rnd 1 Pick 3,United States
8,"Nick Smith, Jr.",G,188.0,83.9,20,Charlotte Hornets,1,Arkansas,2023 Rnd 1 Pick 27,United States
35,Tolu Smith,F,210.8,111.1,24,Detroit Pistons,0,Mississippi State,"2024 NBA Draft, Undrafted",United States
21,Tyler Smith,F,205.7,101.6,20,Milwaukee Bucks,0,NBA G League Ignite,2024 Rnd 2 Pick 3,United States
10,Jeremy Sochan,SG,203.2,104.3,21,San Antonio Spurs,2,Baylor,2022 Rnd 1 Pick 9,United StatesPoland
24,Cam Spencer,SG,193.0,93.0,25,Memphis Grizzlies,0,UConn,2024 Rnd 2 Pick 23,United States
61,Pat Spencer,G,190.5,93.0,28,Golden State Warriors,1,Northwestern,"2020 NBA Draft, Undrafted",United StatesCape Verde
11,Jaden Springer,SG,193.0,91.6,22,Utah Jazz,3,Tennessee,2021 Rnd 1 Pick 28,United States
4,Isaiah Stevens,PG,182.9,83.9,24,Miami Heat,0,Colorado State,"2024 NBA Draft, Undrafted",United States
13,Lamar Stevens,SF,200.7,104.3,27,Memphis Grizzlies,4,Penn State,"2020 NBA Draft, Undrafted",United States
30,Erik Stevenson,G,193.0,93.0,25,Washington Wizards,0,West Virginia,"2023 NBA Draft, Undrafted",United States
28,Isaiah Stewart II,C,203.2,113.4,23,Detroit Pistons,4,Washington,2020 Rnd 1 Pick 16,United States
3,Julian Strawther,GF,198.1,93.0,22,Denver Nuggets,1,Gonzaga,2023 Rnd 1 Pick 29,United StatesPuerto Rico
1,Max Strus,G,195.6,97.5,28,Cleveland Cavaliers,5,DePaul,"2019 NBA Draft, Undrafted",United States
4,Jalen Suggs,SG,195.6,93.0,23,Orlando Magic,3,Gonzaga,2021 Rnd 1 Pick 5,United States
8,Jae'sean Tate,F,193.0,104.3,29,Houston Rockets,4,Ohio State,"2018 NBA Draft, Undrafted",United States
0,Jayson Tatum,SF,203.2,95.3,26,Boston Celtics,7,Duke,2017 Rnd 1 Pick 3,United States
17,Garrett Temple,G,195.6,88.5,38,Toronto Raptors,14,LSU,"2009 NBA Draft, Undrafted",United States
25,Dalen Terry,PG,200.7,88.5,22,Chicago Bulls,2,Arizona,2022 Rnd 1 Pick 18,United States
24,Cam Thomas,PG,190.5,95.3,23,Brooklyn Nets,3,LSU,2021 Rnd 1 Pick 27,United States
1,Amen Thompson,G,200.7,90.7,22,Houston Rockets,1,Overtime Elite (Georgia),2023 Rnd 1 Pick 4,United States
9,Ausar Thompson,G,198.1,93.0,22,Detroit Pistons,1,Overtime Elite (Georgia),2023 Rnd 1 Pick 5,United States
55,Ethan Thompson,SG,195.6,88.5,25,Orlando Magic,0,Oregon State,"2021 NBA Draft, Undrafted",United StatesPuerto Rico
31,Klay Thompson,G,195.6,99.8,35,Dallas Mavericks,13,Washington State,2011 Rnd 1 Pick 11,United States
13,Tristan Thompson,F,205.7,115.2,33,Cleveland Cavaliers,13,Texas,2011 Rnd 1 Pick 4,Canada
15,J.T. Thor,PF,205.7,92.1,22,Cleveland Cavaliers,3,Auburn,2021 Rnd 2 Pick 7,United StatesSouth Sudan
4,Matisse Thybulle,SF,195.6,91.2,27,Portland Trail Blazers,5,Washington,2019 Rnd 1 Pick 20,United StatesAustralia
26,"Xavier Tillman, Sr.",PF,200.7,111.1,26,Boston Celtics,4,Michigan State,2020 Rnd 2 Pick 5,United States
30,Nae'qwan Tomlin,F,208.3,95.3,24,Cleveland Cavaliers,0,Memphis,"2024 NBA Draft, Undrafted",United States
44,Nikola Topic,PG,198.1,90.7,19,Oklahoma City Thunder,0,KK Crvena Zvezda (Serbia),2024 Rnd 1 Pick 12,Serbia
00,Jacob Toppin,SF,203.2,90.7,24,New York Knicks,1,Kentucky,"2023 NBA Draft, Undrafted",United States
1,Obi Toppin,F,205.7,99.8,26,Indiana Pacers,4,Dayton,2020 Rnd 1 Pick 8,United States
32,Karl-Anthony Towns,C,213.4,112.5,29,New York Knicks,9,Kentucky,2015 Rnd 1 Pick 1,United StatesDominican Republic
33,Luke Travers,F,200.7,93.9,23,Cleveland Cavaliers,0,Perth (Australia),2022 Rnd 2 Pick 26,Australia
5,"Gary Trent, Jr.",SG,195.6,92.5,26,Milwaukee Bucks,6,Duke,2018 Rnd 2 Pick 7,United States
34,Oscar Tshiebwe,F,203.2,115.7,25,Utah Jazz,1,Kentucky,"2023 NBA Draft, Undrafted",Democratic Republic of the Congo
17,P.J. Tucker,SF,195.6,111.1,39,Toronto Raptors,13,Texas,2006 Rnd 2 Pick 5,United States
33,Myles Turner,FC,210.8,113.4,28,Indiana Pacers,9,Texas,2015 Rnd 1 Pick 11,United States
5,Hunter Tyson,SF,203.2,97.5,24,Denver Nuggets,1,Clemson,2023 Rnd 2 Pick 7,United States
24,Jaylon Tyson,F,198.1,97.5,22,Cleveland Cavaliers,0,California,2024 Rnd 1 Pick 20,United States
17,Stanley Umude,G,198.1,95.3,25,Milwaukee Bucks,2,Arkansas,"2022 NBA Draft, Undrafted",United States
17,Jonas Valanciunas,C,210.8,120.2,32,Sacramento Kings,12,Lietuvos Rytas (Lithuania),2011 Rnd 1 Pick 5,Lithuania
5,Fred VanVleet,G,182.9,89.4,30,Houston Rockets,8,Wichita State,"2016 NBA Draft, Undrafted",United States
2,Jarred Vanderbilt,PF,203.2,97.1,25,Los Angeles Lakers,6,Kentucky,2018 Rnd 2 Pick 11,United States
24,Devin Vassell,SG,195.6,90.7,24,San Antonio Spurs,4,Florida State,2020 Rnd 1 Pick 11,United States
7,Gabe Vincent,G,188.0,90.7,28,Los Angeles Lakers,5,UC Santa Barbara,"2018 NBA Draft, Undrafted",United StatesNigeria
9,Nikola Vucevic,PF,208.3,117.9,34,Chicago Bulls,13,USC,2011 Rnd 1 Pick 16,SwitzerlandMontenegro
00,Tristan Vukcevic,F,208.3,99.8,21,Washington Wizards,1,KK Partizan (Serbia),2023 Rnd 2 Pick 12,ItalySerbia
32,Dean Wade,PF,205.7,103.4,28,Cleveland Cavaliers,5,Kansas State,"2019 NBA Draft, Undrafted",United States
22,Franz Wagner,SF,208.3,99.8,23,Orlando Magic,3,Michigan,2021 Rnd 1 Pick 8,Germany
21,Moe Wagner,PF,210.8,111.1,27,Orlando Magic,6,Michigan,2018 Rnd 1 Pick 25,Germany
34,Jabari Walker,F,200.7,107.5,22,Portland Trail Blazers,2,Colorado,2022 Rnd 2 Pick 27,United States
5,Jarace Walker,G,200.7,106.6,21,Indiana Pacers,1,Houston,2023 Rnd 1 Pick 8,United States
16,Lonnie Walker,SG,193.0,92.5,26,Philadelphia Sixers,6,Miami (FL),2018 Rnd 1 Pick 18,United States
22,Cason Wallace,G,190.5,88.5,21,Oklahoma City Thunder,1,Kentucky,2023 Rnd 1 Pick 10,United States
2,Keaton Wallace,G,190.5,83.9,25,Atlanta Hawks,1,Texas-San Antonio,"2021 NBA Draft, Undrafted",United States
27,Jordan Walsh,F,198.1,93.0,20,Boston Celtics,1,Arkansas,2023 Rnd 2 Pick 8,United States
14,Ja'Kobe Walter,F,195.6,81.6,20,Toronto Raptors,0,Baylor,2024 Rnd 1 Pick 19,United States
7,Kel'el Ware,PF,213.4,104.3,20,Miami Heat,0,Indiana,2024 Rnd 1 Pick 15,United States
14,"TyTy Washington, Jr.",PG,190.5,88.5,23,Phoenix Suns,2,Kentucky,2022 Rnd 1 Pick 29,United States
25,P.J. Washington,PF,198.1,104.3,26,Dallas Mavericks,5,Kentucky,2019 Rnd 1 Pick 12,United States
43,Lindy Waters III,SG,198.1,95.3,27,Detroit Pistons,3,Oklahoma State,"2020 NBA Draft, Undrafted",United States
9,Trendon Watford,SF,203.2,107.5,24,Brooklyn Nets,3,LSU,"2021 NBA Draft, Undrafted",United States
28,Anton Watson,SF,203.2,102.1,24,Boston Celtics,0,Gonzaga,2024 Rnd 2 Pick 24,United States
8,Peyton Watson,GF,200.7,90.7,22,Denver Nuggets,2,UCLA,2022 Rnd 1 Pick 30,United States
0,Jaylen Wells,F,203.2,93.4,21,Memphis Grizzlies,0,Washington State,2024 Rnd 2 Pick 9,United States
1,Victor Wembanyama,F,221.0,106.6,21,San Antonio Spurs,1,Boulogne-Levallois (France),2023 Rnd 1 Pick 1,France
14,Blake Wesley,SG,190.5,83.9,21,San Antonio Spurs,2,Notre Dame,2022 Rnd 1 Pick 25,United States
4,Russell Westbrook,G,193.0,90.7,36,Denver Nuggets,16,UCLA,2008 Rnd 1 Pick 4,United States
0,Coby White,PG,195.6,88.5,25,Chicago Bulls,5,North Carolina,2019 Rnd 1 Pick 7,United States
9,Derrick White,G,193.0,86.2,30,Boston Celtics,7,Colorado,2017 Rnd 1 Pick 29,United States
0,Dariq Whitehead,F,198.1,99.8,20,Brooklyn Nets,1,Duke,2023 Rnd 1 Pick 22,United States
7,Cam Whitmore,F,200.7,104.3,20,Houston Rockets,1,Villanova,2023 Rnd 1 Pick 20,United States
21,Aaron Wiggins,F,195.6,86.2,26,Oklahoma City Thunder,3,Maryland,2021 Rnd 2 Pick 25,United States
22,Andrew Wiggins,F,200.7,89.4,29,Miami Heat,10,Kansas,2014 Rnd 1 Pick 1,Canada
10,Brandon Williams,PG,185.4,86.2,25,Dallas Mavericks,2,Arizona,"2021 NBA Draft, Undrafted",United States
5,Cody Williams,F,200.7,86.2,20,Utah Jazz,0,Colorado,2024 Rnd 1 Pick 10,United States
2,Grant Williams,SF,198.1,107.0,26,Charlotte Hornets,5,Tennessee,2019 Rnd 1 Pick 22,United States
8,Jalen Williams,G,195.6,95.7,23,Oklahoma City Thunder,2,Santa Clara,2022 Rnd 1 Pick 12,United States
6,Jaylin Williams,C,205.7,108.9,22,Oklahoma City Thunder,2,Arkansas,2022 Rnd 2 Pick 4,United States
19,"Nate Williams, Jr.",SG,195.6,93.0,26,Houston Rockets,2,Buffalo,"2022 NBA Draft, Undrafted",United States
5,"Vincent Williams, Jr.",SF,193.0,93.0,24,Memphis Grizzlies,2,VCU,2022 Rnd 2 Pick 17,United States
34,Kenrich Williams,SF,198.1,95.3,30,Oklahoma City Thunder,6,TCU,"2018 NBA Draft, Undrafted",United States
5,Mark Williams,C,213.4,108.9,23,Charlotte Hornets,2,Duke,2022 Rnd 1 Pick 15,United States
44,Patrick Williams,G,200.7,97.5,23,Chicago Bulls,4,Florida State,2020 Rnd 1 Pick 4,United States
35,Robert Williams,PF,205.7,112.9,27,Portland Trail Blazers,6,Texas A&M,2018 Rnd 1 Pick 27,United States
1,Ziaire Williams,F,205.7,83.9,23,Brooklyn Nets,3,Stanford,2021 Rnd 1 Pick 10,United States
1,Zion Williamson,PF,198.1,128.8,24,New Orleans Pelicans,5,Duke,2019 Rnd 1 Pick 1,United States
22,Jalen Wilson,F,198.1,99.8,24,Brooklyn Nets,1,Kansas,2023 Rnd 2 Pick 21,United States
0,Delon Wright,G,195.6,83.9,32,New York Knicks,9,Utah,2015 Rnd 1 Pick 20,United States
28,Guerschon Yabusele,PF,203.2,120.2,29,Philadelphia Sixers,2,Rouen Metropole Basket (France),2016 Rnd 1 Pick 16,France
11,Jahmir Young,PG,185.4,83.9,24,Chicago Bulls,0,Maryland,"2024 NBA Draft, Undrafted",United States
11,Trae Young,PG,185.4,74.4,26,Atlanta Hawks,6,Oklahoma,2018 Rnd 1 Pick 5,United States
40,Cody Zeller,F,210.8,108.9,32,Houston Rockets,11,Indiana,2013 Rnd 1 Pick 4,United States
40,Ivica Zubac,C,213.4,108.9,27,Los Angeles Clippers,8,KK Mega Bemax (Serbia),2016 Rnd 2 Pick 2,Bosnia and HerzegovinaCroatia
